Номенклатура;Характеристика номенклатуры;Остаток;Номенклатура.Артикул;1. Розница


1. Наша продукция->1.1 Школа->Бумажная продукция->Альбомы для рисования->альбомы для рисования ТМ «TIKI->;Альбом для мал. 12арк. 110г/м ² TIKI скоба.А-4.(50202-TK) УК;667;36739;7,02 UAH
1. Наша продукция->1.1 Школа->Бумажная продукция->Альбомы для рисования->альбомы для рисования ТМ «TIKI->;Альбом для мал. 12аркА-4.скоба, економ TIKI (50214-TK) УК;540;63713;5,94 UAH
1. Наша продукция->1.1 Школа->Бумажная продукция->Альбомы для рисования->альбомы для рисования ТМ «TIKI->;Альбом для мал. 20арк. 110г/м ² TIKI (50203-TK) УК;230;36740;10,15 UAH
1. Наша продукция->1.1 Школа->Бумажная продукция->Альбомы для рисования->альбомы для рисования ТМ «TIKI->;Альбом для мал. 20арк. 110г/м²  на спір. TIKI (50204-TK) УК;554;49361;12,80 UAH
1. Наша продукция->1.1 Школа->Бумажная продукция->Альбомы для рисования->альбомы для рисования ТМ «TIKI->;Альбом для мал. 20арк. скоба, економ TIKI (50215-TK) УК;309;63714;8,47 UAH
1. Наша продукция->1.1 Школа->Бумажная продукция->Альбомы для рисования->альбомы для рисования ТМ «TIKI->;Альбом для мал. 40арк. на спір. 110г/м² TIKI (50206-ТК) УК;88;49356;20,57 UAH
1. Наша продукция->1.1 Школа->Бумажная продукция->Альбомы для рисования->альбомы для рисования ТМ «TIKI->;Альбом для мал. 40арк. на спір. 120г/м² TIKI (50212-TK) УК;187;36742;24,73 UAH
1. Наша продукция->1.1 Школа->Бумажная продукция->Альбомы для рисования->альбомы для рисования ТМ «TIKI->;Альбом для мал. 8арк. на скобі 110г/м² TIKI (50201-TK) УК;1719;36743;6,37 UAH
1. Наша продукция->1.1 Школа->Бумажная продукция->Альбомы для рисования->альбомы для рисования ТМ «TIKI->;Альбом для мал. 8арк. скоба, економ TIKI (50213-TK) УК;185;63712;4,43 UAH
1. Наша продукция->1.1 Школа->Бумажная продукция->Блокноты->ТМ "KNOPKA"->;Блокнот А6 48 л. тверда палітурку 55203-KN KNOPKA;2078;70922;7,52 UAH
1. Наша продукция->1.1 Школа->Бумажная продукция->Блокноты->ТМ "KNOPKA"->;Блокнот А6 96 л. тверда палітурка 55204-KN KNOPKA;1053;71024;11,30 UAH
1. Наша продукция->1.1 Школа->Бумажная продукция->Блокноты->ТМ "KNOPKA"->;Блокнот А7 48 арк. тверда палітурка 55205-KN KNOPKA;2755;71048;5,55 UAH
1. Наша продукция->1.1 Школа->Бумажная продукция->Блокноты->ТМ «UNIТ->;Блокнот А6 96арк. лінія штуч.шкіра на на гумці в асортименті 41165-UN (24/144);169;56111;39,75 UAH
1. Наша продукция->1.1 Школа->Бумажная продукция->Блокноты->ТМ «UNIТ->;Блокнот А5 40арк. "Братс" лінія на пружині карт. обкл., глітер 41108-UN;45;41927;24,61 UAH
1. Наша продукция->1.1 Школа->Бумажная продукция->Бумага миллиметровая, калька->бумага миллиметровая  ТМ «NAVIGATOR->;Міліметровка А3 20арк.офс.65г/м² 75904-NV УК;14;36973;15,29 UAH
1. Наша продукция->1.1 Школа->Бумажная продукция->Дневники->дневники ТМ «NAVIGATOR->;Щоденник "Відмінний" для музичної школи 74516-NV ,74519 УК;222;57252;8,99 UAH
